mark9;mark8;mark7;mark6;mark5;mark4;mark3;mark2
-0.000000027;-0.000000063;-0.000000098;-0.000000139;-0.000000189;-0.000000244;-0.000000303;-0.000000360
0.023840158;0.055907604;0.086756081;0.123774862;0.168413208;0.217325937;0.269139619;0.319853978
24.269605845;44.521941657;61.227140358;80.955138260;103.828358039;138.154969754;182.159945754;292.448306109
